{
    "roadPoints": [
        {
            "pos": {
                "x": -0.3471641540527344,
                "y": 0.0,
                "z": -40.14149475097656
            },
            "tan": {
                "x": -0.3471641540527344,
                "y": 0.0,
                "z": -40.14149475097656
            },
            "tan2": {
                "x": -0.3471641540527344,
                "y": 0.0,
                "z": -40.14149475097656
            },
            "nor": {
                "x": 0.0,
                "y": 1.0,
                "z": 0.0
            },
            "s": 1.0,
            "col": {
                "r": 1.0,
                "g": 1.0,
                "b": 1.0,
                "a": 1.0
            }
        },
        {
            "pos": {
                "x": 0.3893547058105469,
                "y": 0.0,
                "z": 13.027196884155274
            },
            "tan": {
                "x": 0.3893547058105469,
                "y": 0.0,
                "z": 13.027196884155274
            },
            "tan2": {
                "x": 0.3893547058105469,
                "y": 0.0,
                "z": 13.027196884155274
            },
            "nor": {
                "x": 0.0,
                "y": 1.0,
                "z": 0.0
            },
            "s": 1.0,
            "col": {
                "r": 1.0,
                "g": 1.0,
                "b": 1.0,
                "a": 1.0
            }
        },
        {
            "pos": {
                "x": 2.2839202880859377,
                "y": 0.0,
                "z": 44.2408447265625
            },
            "tan": {
                "x": 2.2839202880859377,
                "y": 0.0,
                "z": 44.2408447265625
            },
            "tan2": {
                "x": 2.2839202880859377,
                "y": 0.0,
                "z": 44.2408447265625
            },
            "nor": {
                "x": 0.0,
                "y": 1.0,
                "z": 0.0
            },
            "s": 1.0,
            "col": {
                "r": 1.0,
                "g": 1.0,
                "b": 1.0,
                "a": 1.0
            }
        },
        {
            "pos": {
                "x": 6.391684532165527,
                "y": 0.0,
                "z": 97.67094421386719
            },
            "tan": {
                "x": 6.391684532165527,
                "y": 0.0,
                "z": 97.67094421386719
            },
            "tan2": {
                "x": 6.391684532165527,
                "y": 0.0,
                "z": 97.67094421386719
            },
            "nor": {
                "x": 0.0,
                "y": 1.0,
                "z": 0.0
            },
            "s": 1.0,
            "col": {
                "r": 1.0,
                "g": 1.0,
                "b": 1.0,
                "a": 1.0
            }
        },
        {
            "pos": {
                "x": 17.24040412902832,
                "y": -0.000003814697265625,
                "z": 162.28465270996095
            },
            "tan": {
                "x": 17.615360260009767,
                "y": -0.00000762939453125,
                "z": 162.0749969482422
            },
            "tan2": {
                "x": 16.865447998046876,
                "y": 0.0,
                "z": 162.4943084716797
            },
            "nor": {
                "x": 0.0,
                "y": 1.0,
                "z": 0.0
            },
            "s": 1.0,
            "col": {
                "r": 1.0,
                "g": 1.0,
                "b": 1.0,
                "a": 1.0
            }
        },
        {
            "pos": {
                "x": -29.739261627197267,
                "y": -0.000003814697265625,
                "z": 272.78271484375
            },
            "tan": {
                "x": -29.739261627197267,
                "y": -0.000003814697265625,
                "z": 272.78271484375
            },
            "tan2": {
                "x": -29.739261627197267,
                "y": -0.000003814697265625,
                "z": 272.78271484375
            },
            "nor": {
                "x": 0.0,
                "y": 1.0,
                "z": 0.0
            },
            "s": 1.0,
            "col": {
                "r": 1.0,
                "g": 1.0,
                "b": 1.0,
                "a": 1.0
            }
        },
        {
            "pos": {
                "x": -33.25910949707031,
                "y": 0.0,
                "z": 332.48486328125
            },
            "tan": {
                "x": -33.25910949707031,
                "y": 0.0,
                "z": 332.48486328125
            },
            "tan2": {
                "x": -33.25910949707031,
                "y": 0.0,
                "z": 332.48486328125
            },
            "nor": {
                "x": 0.0,
                "y": 1.0,
                "z": 0.0
            },
            "s": 1.0,
            "col": {
                "r": 1.0,
                "g": 1.0,
                "b": 1.0,
                "a": 1.0
            }
        },
        {
            "pos": {
                "x": -0.9651374816894531,
                "y": 0.0,
                "z": 390.1334228515625
            },
            "tan": {
                "x": -0.4696311950683594,
                "y": 0.0,
                "z": 389.9263916015625
            },
            "tan2": {
                "x": -1.4606437683105469,
                "y": 0.0,
                "z": 390.3404541015625
            },
            "nor": {
                "x": 0.0,
                "y": 1.0,
                "z": 0.0
            },
            "s": 1.0,
            "col": {
                "r": 1.0,
                "g": 1.0,
                "b": 1.0,
                "a": 1.0
            }
        },
        {
            "pos": {
                "x": -4.363166809082031,
                "y": -0.000003814697265625,
                "z": 464.435546875
            },
            "tan": {
                "x": -5.111328125,
                "y": -0.000003814697265625,
                "z": 462.19598388671877
            },
            "tan2": {
                "x": -3.6150054931640627,
                "y": -0.000003814697265625,
                "z": 466.67510986328127
            },
            "nor": {
                "x": 0.0,
                "y": 1.0,
                "z": 0.0
            },
            "s": 1.0,
            "col": {
                "r": 1.0,
                "g": 1.0,
                "b": 1.0,
                "a": 1.0
            }
        },
        {
            "pos": {
                "x": 1.38031005859375,
                "y": 0.0,
                "z": 514.067138671875
            },
            "tan": {
                "x": 1.38031005859375,
                "y": 0.0,
                "z": 514.067138671875
            },
            "tan2": {
                "x": 1.38031005859375,
                "y": 0.0,
                "z": 514.067138671875
            },
            "nor": {
                "x": 0.0,
                "y": 1.0,
                "z": 0.0
            },
            "s": 1.0,
            "col": {
                "r": 1.0,
                "g": 1.0,
                "b": 1.0,
                "a": 1.0
            }
        }
    ],
    "roadIndex": 0
}