{
    "roadPoints": [
        {
            "pos": {
                "x": -0.3471641540527344,
                "y": 0.0,
                "z": -40.14149475097656
            },
            "tan": {
                "x": -0.3471641540527344,
                "y": 0.0,
                "z": -40.14149475097656
            },
            "tan2": {
                "x": -0.3471641540527344,
                "y": 0.0,
                "z": -40.14149475097656
            },
            "nor": {
                "x": 0.0,
                "y": 1.0,
                "z": 0.0
            },
            "s": 1.0,
            "col": {
                "r": 1.0,
                "g": 1.0,
                "b": 1.0,
                "a": 1.0
            }
        },
        {
            "pos": {
                "x": 0.3893547058105469,
                "y": 0.0,
                "z": 13.027196884155274
            },
            "tan": {
                "x": 0.3893547058105469,
                "y": 0.0,
                "z": 13.027196884155274
            },
            "tan2": {
                "x": 0.3893547058105469,
                "y": 0.0,
                "z": 13.027196884155274
            },
            "nor": {
                "x": 0.0,
                "y": 1.0,
                "z": 0.0
            },
            "s": 1.0,
            "col": {
                "r": 1.0,
                "g": 1.0,
                "b": 1.0,
                "a": 1.0
            }
        },
        {
            "pos": {
                "x": 2.2839202880859377,
                "y": 0.0,
                "z": 44.2408447265625
            },
            "tan": {
                "x": 2.2839202880859377,
                "y": 0.0,
                "z": 44.2408447265625
            },
            "tan2": {
                "x": 2.2839202880859377,
                "y": 0.0,
                "z": 44.2408447265625
            },
            "nor": {
                "x": 0.0,
                "y": 1.0,
                "z": 0.0
            },
            "s": 1.0,
            "col": {
                "r": 1.0,
                "g": 1.0,
                "b": 1.0,
                "a": 1.0
            }
        },
        {
            "pos": {
                "x": -22.28122329711914,
                "y": 0.0,
                "z": 97.67094421386719
            },
            "tan": {
                "x": -22.28122329711914,
                "y": 0.0,
                "z": 97.67094421386719
            },
            "tan2": {
                "x": -22.28122329711914,
                "y": 0.0,
                "z": 97.67094421386719
            },
            "nor": {
                "x": 0.0,
                "y": 1.0,
                "z": 0.0
            },
            "s": 1.0,
            "col": {
                "r": 1.0,
                "g": 1.0,
                "b": 1.0,
                "a": 1.0
            }
        },
        {
            "pos": {
                "x": -18.14591407775879,
                "y": -0.000003814697265625,
                "z": 162.28465270996095
            },
            "tan": {
                "x": -17.770957946777345,
                "y": -0.00000762939453125,
                "z": 162.0749969482422
            },
            "tan2": {
                "x": -18.520870208740236,
                "y": 0.0,
                "z": 162.4943084716797
            },
            "nor": {
                "x": 0.0,
                "y": 1.0,
                "z": 0.0
            },
            "s": 1.0,
            "col": {
                "r": 1.0,
                "g": 1.0,
                "b": 1.0,
                "a": 1.0
            }
        },
        {
            "pos": {
                "x": -10.974740982055664,
                "y": -0.000003814697265625,
                "z": 293.9893493652344
            },
            "tan": {
                "x": -10.974740982055664,
                "y": -0.000003814697265625,
                "z": 293.9893493652344
            },
            "tan2": {
                "x": -10.974740982055664,
                "y": -0.000003814697265625,
                "z": 293.9893493652344
            },
            "nor": {
                "x": 0.0,
                "y": 1.0,
                "z": 0.0
            },
            "s": 1.0,
            "col": {
                "r": 1.0,
                "g": 1.0,
                "b": 1.0,
                "a": 1.0
            }
        },
        {
            "pos": {
                "x": -33.25910949707031,
                "y": 0.0,
                "z": 332.48486328125
            },
            "tan": {
                "x": -33.25910949707031,
                "y": 0.0,
                "z": 332.48486328125
            },
            "tan2": {
                "x": -33.25910949707031,
                "y": 0.0,
                "z": 332.48486328125
            },
            "nor": {
                "x": 0.0,
                "y": 1.0,
                "z": 0.0
            },
            "s": 1.0,
            "col": {
                "r": 1.0,
                "g": 1.0,
                "b": 1.0,
                "a": 1.0
            }
        },
        {
            "pos": {
                "x": -28.055240631103517,
                "y": 0.0,
                "z": 390.1334228515625
            },
            "tan": {
                "x": -27.559734344482423,
                "y": 0.0,
                "z": 389.9263916015625
            },
            "tan2": {
                "x": -28.55074691772461,
                "y": 0.0,
                "z": 390.3404541015625
            },
            "nor": {
                "x": 0.0,
                "y": 1.0,
                "z": 0.0
            },
            "s": 1.0,
            "col": {
                "r": 1.0,
                "g": 1.0,
                "b": 1.0,
                "a": 1.0
            }
        },
        {
            "pos": {
                "x": -4.363166809082031,
                "y": -0.000003814697265625,
                "z": 464.435546875
            },
            "tan": {
                "x": -5.111328125,
                "y": -0.000003814697265625,
                "z": 462.19598388671877
            },
            "tan2": {
                "x": -3.6150054931640627,
                "y": -0.000003814697265625,
                "z": 466.67510986328127
            },
            "nor": {
                "x": 0.0,
                "y": 1.0,
                "z": 0.0
            },
            "s": 1.0,
            "col": {
                "r": 1.0,
                "g": 1.0,
                "b": 1.0,
                "a": 1.0
            }
        },
        {
            "pos": {
                "x": 1.38031005859375,
                "y": 0.0,
                "z": 514.067138671875
            },
            "tan": {
                "x": 1.38031005859375,
                "y": 0.0,
                "z": 514.067138671875
            },
            "tan2": {
                "x": 1.38031005859375,
                "y": 0.0,
                "z": 514.067138671875
            },
            "nor": {
                "x": 0.0,
                "y": 1.0,
                "z": 0.0
            },
            "s": 1.0,
            "col": {
                "r": 1.0,
                "g": 1.0,
                "b": 1.0,
                "a": 1.0
            }
        }
    ],
    "roadIndex": -1
}