{
    "roadPoints": [
        {
            "pos": {
                "x": -0.3471641540527344,
                "y": 0.0,
                "z": -40.14149475097656
            },
            "tan": {
                "x": -0.3471641540527344,
                "y": 0.0,
                "z": -40.14149475097656
            },
            "tan2": {
                "x": -0.3471641540527344,
                "y": 0.0,
                "z": -40.14149475097656
            },
            "nor": {
                "x": 0.0,
                "y": 1.0,
                "z": 0.0
            },
            "s": 1.0,
            "col": {
                "r": 1.0,
                "g": 1.0,
                "b": 1.0,
                "a": 1.0
            }
        },
        {
            "pos": {
                "x": 0.3893547058105469,
                "y": 0.0,
                "z": 13.027196884155274
            },
            "tan": {
                "x": 0.3893547058105469,
                "y": 0.0,
                "z": 13.027196884155274
            },
            "tan2": {
                "x": 0.3893547058105469,
                "y": 0.0,
                "z": 13.027196884155274
            },
            "nor": {
                "x": 0.0,
                "y": 1.0,
                "z": 0.0
            },
            "s": 1.0,
            "col": {
                "r": 1.0,
                "g": 1.0,
                "b": 1.0,
                "a": 1.0
            }
        },
        {
            "pos": {
                "x": 7.880134105682373,
                "y": 0.0,
                "z": 44.2408447265625
            },
            "tan": {
                "x": 7.880134105682373,
                "y": 0.0,
                "z": 44.2408447265625
            },
            "tan2": {
                "x": 7.880134105682373,
                "y": 0.0,
                "z": 44.2408447265625
            },
            "nor": {
                "x": 0.0,
                "y": 1.0,
                "z": 0.0
            },
            "s": 1.0,
            "col": {
                "r": 1.0,
                "g": 1.0,
                "b": 1.0,
                "a": 1.0
            }
        },
        {
            "pos": {
                "x": 6.391684532165527,
                "y": 0.0,
                "z": 97.67094421386719
            },
            "tan": {
                "x": 6.391684532165527,
                "y": 0.0,
                "z": 97.67094421386719
            },
            "tan2": {
                "x": 6.391684532165527,
                "y": 0.0,
                "z": 97.67094421386719
            },
            "nor": {
                "x": 0.0,
                "y": 1.0,
                "z": 0.0
            },
            "s": 1.0,
            "col": {
                "r": 1.0,
                "g": 1.0,
                "b": 1.0,
                "a": 1.0
            }
        },
        {
            "pos": {
                "x": 1.952296257019043,
                "y": -0.000003814697265625,
                "z": 162.28465270996095
            },
            "tan": {
                "x": 2.3272523880004885,
                "y": -0.00000762939453125,
                "z": 162.0749969482422
            },
            "tan2": {
                "x": 1.5773401260375977,
                "y": 0.0,
                "z": 162.4943084716797
            },
            "nor": {
                "x": 0.0,
                "y": 1.0,
                "z": 0.0
            },
            "s": 1.0,
            "col": {
                "r": 1.0,
                "g": 1.0,
                "b": 1.0,
                "a": 1.0
            }
        },
        {
            "pos": {
                "x": -45.727745056152347,
                "y": -0.000003814697265625,
                "z": 249.07913208007813
            },
            "tan": {
                "x": -45.727745056152347,
                "y": -0.000003814697265625,
                "z": 249.07913208007813
            },
            "tan2": {
                "x": -45.727745056152347,
                "y": -0.000003814697265625,
                "z": 249.07913208007813
            },
            "nor": {
                "x": 0.0,
                "y": 1.0,
                "z": 0.0
            },
            "s": 1.0,
            "col": {
                "r": 1.0,
                "g": 1.0,
                "b": 1.0,
                "a": 1.0
            }
        },
        {
            "pos": {
                "x": -33.25910949707031,
                "y": 0.0,
                "z": 332.48486328125
            },
            "tan": {
                "x": -33.25910949707031,
                "y": 0.0,
                "z": 332.48486328125
            },
            "tan2": {
                "x": -33.25910949707031,
                "y": 0.0,
                "z": 332.48486328125
            },
            "nor": {
                "x": 0.0,
                "y": 1.0,
                "z": 0.0
            },
            "s": 1.0,
            "col": {
                "r": 1.0,
                "g": 1.0,
                "b": 1.0,
                "a": 1.0
            }
        },
        {
            "pos": {
                "x": 5.317533493041992,
                "y": 0.0,
                "z": 395.30078125
            },
            "tan": {
                "x": 5.813039779663086,
                "y": 0.0,
                "z": 395.09375
            },
            "tan2": {
                "x": 4.822027206420898,
                "y": 0.0,
                "z": 395.5078125
            },
            "nor": {
                "x": 0.0,
                "y": 1.0,
                "z": 0.0
            },
            "s": 1.0,
            "col": {
                "r": 1.0,
                "g": 1.0,
                "b": 1.0,
                "a": 1.0
            }
        },
        {
            "pos": {
                "x": -4.363166809082031,
                "y": -0.000003814697265625,
                "z": 464.435546875
            },
            "tan": {
                "x": -5.111328125,
                "y": -0.000003814697265625,
                "z": 462.19598388671877
            },
            "tan2": {
                "x": -3.6150054931640627,
                "y": -0.000003814697265625,
                "z": 466.67510986328127
            },
            "nor": {
                "x": 0.0,
                "y": 1.0,
                "z": 0.0
            },
            "s": 1.0,
            "col": {
                "r": 1.0,
                "g": 1.0,
                "b": 1.0,
                "a": 1.0
            }
        },
        {
            "pos": {
                "x": 1.38031005859375,
                "y": 0.0,
                "z": 514.067138671875
            },
            "tan": {
                "x": 1.38031005859375,
                "y": 0.0,
                "z": 514.067138671875
            },
            "tan2": {
                "x": 1.38031005859375,
                "y": 0.0,
                "z": 514.067138671875
            },
            "nor": {
                "x": 0.0,
                "y": 1.0,
                "z": 0.0
            },
            "s": 1.0,
            "col": {
                "r": 1.0,
                "g": 1.0,
                "b": 1.0,
                "a": 1.0
            }
        }
    ],
    "roadIndex": 1
}